{
    "prefix": "fusion-energy-0.01-1.7-fixed",
    "dataset": "cifar100",
    "memory_size": 2000,
    "memory_per_class": 20,
    "fixed_memory": false,
    "shuffle": false,
    "init_cls": 50,
    "increment": 50,
    "model_name": "beefiso",
    "convnet_type": "resnet32",
    "device": ["0"],
    "seed": [1993],
    "logits_alignment": 1.7,
    "energy_weight": 0.01,
    "is_compress":false,
    "reduce_batch_size": false,
    "init_epochs": 2,
    "init_lr" : 0.1,
    "init_weight_decay" : 5e-4,
    "expansion_epochs" : 1,
    "fusion_epochs" : 1,
    "lr" : 0.1,
    "batch_size" : 128,
    "weight_decay" : 5e-4,
    "num_workers" : 8,
    "T" : 2
}