{
    "prefix": "cil",
    "dataset": "cifar100",
    "memory_size": 2000,
    "memory_per_class": 20,
    "fixed_memory": true,
    "shuffle": false,
    "init_cls": 50,
    "increment": 10,
    "model_name": "foster",
    "convnet_type": "resnet32_fre",
    "device": ["0"],
    "seed": [1993],
    "beta1":0.96,
    "beta2":0.97,
    "oofc":"ft",
    "is_teacher_wa":false,
    "is_student_wa":false,
    "lambda_okd":1,
    "wa_value":1,
    "init_epochs": 2,
    "init_lr" : 0.1,
    "init_weight_decay" : 5e-4,
    "boosting_epochs" : 1,
    "compression_epochs" : 1,
    "lr" : 0.1,
    "batch_size" : 128,
    "weight_decay" : 5e-4,
    "num_workers" : 8,
    "T" : 2
}