{
    "prefix": "rmm-foster",
    "dataset": "cifar100",
    "memory_size": 2000,
    "m_rate_list":[0.3, 0.3, 0.3, 0.4, 0.4, 0.4],
    "c_rate_list":[0.0, 0.0, 0.1, 0.1, 0.1, 0.0],
    "shuffle": true,
    "init_cls": 50,
    "increment": 10,
    "model_name": "rmm-foster",
    "convnet_type": "resnet32",
    "device": ["0"],
    "seed": [1993],
    "beta1":0.97,
    "beta2":0.97,
    "oofc":"ft",
    "is_teacher_wa":false,
    "is_student_wa":false,
    "lambda_okd":1,
    "wa_value":1,
    "init_epochs": 200,
    "init_lr" : 0.1,
    "init_weight_decay" : 5e-4,
    "boosting_epochs" : 170,
    "compression_epochs" : 130,
    "lr" : 0.1,
    "batch_size" : 128,
    "weight_decay" : 5e-4,
    "num_workers" : 8,
    "T" : 2
}
