{
    "prefix": "ssre",
    "dataset": "cifar100",
    "memory_size": 0,
    "shuffle": true,
    "init_cls": 50,
    "increment": 10,
    "model_name": "ssre",
    "convnet_type": "resnet18_rep",
    "device": ["0"],
    "seed": [1993],
    "lambda_fkd":1,
    "lambda_proto":10,
    "temp":0.1,
    "mode": "parallel_adapters",
    "epochs" : 101,
    "lr" : 0.001,
    "batch_size" : 128,
    "weight_decay" : 5e-4,
    "step_size":45,
    "gamma":0.1,
    "threshold": 0.8,
    "num_workers" : 8,
    "T" : 2
}